id;start_date;end_date;language
1;2026-05-10T20:51:30;2026-05-10T20:47:57;ENGLISH
2;2026-05-10T09:15:36;2026-05-09T23:58:23;SPANISH
3;2026-05-10T11:35:16;2026-05-10T19:06:17;ENGLISH
4;2026-05-10T22:12:23;2026-05-10T08:16:46;SPANISH
5;2026-05-10T19:53:45;2026-05-10T11:15:01;FRENCH
6;2026-05-10T09:32:42;2026-05-10T06:19:39;ENGLISH
7;2026-05-10T07:39:56;2026-05-10T20:38:12;FRENCH
8;2026-05-10T14:39:10;2026-05-10T13:38:59;SPANISH
9;2026-05-10T16:39:52;2026-05-10T14:43:33;SPANISH
10;2026-05-10T04:07:08;2026-05-10T14:28:53;FRENCH
